date,time,logged_by,gen1_hours,gen2_hours,gal_gen1,gal_gen2,gal_delivered,drum1_gal,drum2_gal,notes
2026-08-15,13:47,asad,,,,,,0,0,
2026-08-15,13:47,asad,,,,,,0,0,test
2026-08-15,13:59,asad,,,,,,0,0,test 2
2026-08-15,17:52,asad,,,,,,0,0,mirror/backup test
2026-08-15,17:55,Asad,,,,,,,,RETRACT#4: Retract test
2026-08-15,19:56,asad,,,,,,0,0,domain test
2026-08-15,20:05,asad,,,,,,,,RETRACT#6: domain test
2026-08-15,20:19,asad,,,,,,,,RETRACT#1: trest 001 retract
2026-08-15,20:19,asad,,,,,,,,RETRACT#2: test 002 retract
